{"dragonPos":{"x":4250.025879,"y":0},"loading":1,"playerPos":{"x":4154.915527,"y":488.681976}}
